{"cameraMode":{"drawMode":0,"name":"Shaded","section":"Shading Mode"},"sceneLighting":false,"audioPlay":false,"sceneViewState":{"m_AlwaysRefresh":false,"showFog":true,"showSkybox":false,"showFlares":true,"showImageEffects":true,"showParticleSystems":true,"showVisualEffectGraphs":true,"m_FxEnabled":true},"in2DMode":false,"pivot":{"x":-0.000011428322977735661,"y":-0.000007635111614945345,"z":-0.000010778004252642859},"rotation":{"x":0.18999239802360536,"y":0.8099913001060486,"z":-0.3871005177497864,"w":0.3975852429866791},"size":0.0015173202846199275,"orthographic":false}