{"cameraMode":{"drawMode":0,"name":"Shaded","section":"Shading Mode"},"sceneLighting":true,"audioPlay":false,"sceneViewState":{"m_AlwaysRefresh":false,"showFog":true,"showSkybox":true,"showFlares":true,"showImageEffects":true,"showParticleSystems":true,"showVisualEffectGraphs":true,"m_FxEnabled":true},"in2DMode":false,"pivot":{"x":5.22039794921875,"y":3.685922145843506,"z":-0.45940324664115908},"rotation":{"x":0.19974425435066224,"y":-0.5206570029258728,"z":0.12673266232013703,"w":0.8203862905502319},"size":0.3464609682559967,"orthographic":false}